<application>
  <component name="BuildProcessSatisfactionSurveyStore">
    <option name="daysWithGradleBuilds" value="17" />
    <option name="firstKotlinGradleBuildTime" value="1747960969" />
    <option name="lastKotlinGradleBuildTime" value="1750708524" />
    <option name="nextCountedGradleBuild" value="1750791769" />
  </component>
  <component name="KotlinNewUserTracker">
    <option name="firstKtFileOpened" value="1749499843" />
    <option name="lastKtFileOpened" value="1749499843" />
    <option name="newKtUserSince" value="1749499843" />
  </component>
</application>