<application>
  <component name="StudioBotSettings">
    <option name="acceptedTermsVersion" value="3" />
    <option name="contextSharingModeV2" value="AlwaysShare" />
    <option name="onboardedVersion" value="3" />
    <option name="queryHistory">
      <list>
        <historyEntry timestamp="1748108898323">What does the error message &quot;';', &lt;for statement&gt;, &lt;function declaration with body&gt;, &lt;pattern assignment&gt;, &lt;pattern variable declaration&gt;, &lt;prefix expression&gt;, &lt;var access declaration&gt;, '=&gt;', IDENTIFIER, assert, break, continue, do, if, rethrow, return, switch, try, while, yield, '{' or '}' expected, got ','&quot; mean?</historyEntry>
        <historyEntry timestamp="1748096461892">where is preferences?</historyEntry>
        <historyEntry timestamp="1748096338497">how to set i in auto mode? i mean, in AS how to activate that way</historyEntry>
        <historyEntry timestamp="1748096267632">is there a way to autocomplete words whereas i am typing my code?</historyEntry>
      </list>
    </option>
  </component>
</application>