<application>
  <component name="Trusted.Paths">
    <option name="TRUSTED_PROJECT_PATHS">
      <map>
        <entry key="C:\Development\Attendify Project\attendify-app" value="true" />
        <entry key="C:\Users\User\AndroidStudioProjects\MyKirpalamarApplication" value="true" />
        <entry key="F:\Development\Attendify Project\attendify-app" value="true" />
        <entry key="F:\Development\Attendify Project\attendify-app\android" value="true" />
        <entry key="F:\Development\Flutter" value="true" />
      </map>
    </option>
  </component>
  <component name="Trusted.Paths.Settings">
    <option name="TRUSTED_PATHS">
      <list>
        <option value="F:\Development\Attendify Project" />
      </list>
    </option>
  </component>
</application>