<application>
  <component name="DimensionService">
    <location key="WELCOME_SCREEN.0.0.1366.768" x="683" y="300" />
    <location key="find.popup.1366.0.1920.1080" x="2078" y="135" />
    <location key="find.popup.0.0.1366.768" x="507" y="94" />
    <size key="GridCell.Tab.0.left.1366.0.3440.1440" width="1636" height="416" />
    <size key="GridCell.Tab.0.center.1366.0.3440.1440" width="1636" height="416" />
    <size key="GridCell.Tab.0.right.1366.0.3440.1440" width="1636" height="416" />
    <size key="GridCell.Tab.0.bottom.1366.0.3440.1440" width="1636" height="416" />
    <size key="GridCell.Tab.1.left.1366.0.3440.1440" width="1636" height="416" />
    <size key="GridCell.Tab.1.center.1366.0.3440.1440" width="1636" height="416" />
    <size key="GridCell.Tab.1.right.1366.0.3440.1440" width="1636" height="416" />
    <size key="GridCell.Tab.1.bottom.1366.0.3440.1440" width="1636" height="416" />
    <size key="GridCell.Tab.2.left.1366.0.3440.1440" width="1636" height="416" />
    <size key="GridCell.Tab.2.center.1366.0.3440.1440" width="1636" height="416" />
    <size key="GridCell.Tab.2.right.1366.0.3440.1440" width="1636" height="416" />
    <size key="GridCell.Tab.2.bottom.1366.0.3440.1440" width="1636" height="416" />
    <size key="GridCell.Tab.0.right.1366.0.1920.1080" width="1812" height="405" />
    <size key="GridCell.Tab.0.left.1366.0.1920.1080" width="1812" height="405" />
    <size key="GridCell.Tab.0.center.1366.0.1920.1080" width="1812" height="405" />
    <size key="GridCell.Tab.0.bottom.1366.0.1920.1080" width="1812" height="405" />
    <size key="GridCell.Tab.1.left.1366.0.1920.1080" width="1812" height="405" />
    <size key="GridCell.Tab.1.center.1366.0.1920.1080" width="1812" height="405" />
    <size key="GridCell.Tab.1.right.1366.0.1920.1080" width="1812" height="405" />
    <size key="GridCell.Tab.1.bottom.1366.0.1920.1080" width="1812" height="405" />
    <size key="GridCell.Tab.2.left.1366.0.1920.1080" width="1812" height="405" />
    <size key="GridCell.Tab.2.center.1366.0.1920.1080" width="1812" height="405" />
    <size key="GridCell.Tab.2.right.1366.0.1920.1080" width="1812" height="405" />
    <size key="GridCell.Tab.2.bottom.1366.0.1920.1080" width="1812" height="405" />
    <size key="find.popup.1366.0.1920.1080" width="649" height="864" />
    <size key="find.popup.0.0.1366.768" width="656" height="603" />
  </component>
  <component name="WindowManager">
    <frame x="1358" y="-8" width="1936" height="1048" extendedState="6" />
  </component>
  <component name="WindowStateApplicationService">
    <state x="2123" y="421" key="FileChooserDialogImpl" timestamp="1748190579255">
      <screen x="1366" y="0" width="3440" height="1392" />
    </state>
    <state x="2123" y="421" key="FileChooserDialogImpl/0.0.1366.720/1366.0.3440.1392" timestamp="1748190579255" />
  </component>
</application>